docket_id,case_name,docket_number,pacer_case_id,slug,absolute_url,court_id,cause,nature_of_suit,jurisdiction_type,date_filed,date_terminated,date_last_filing,assigned_to_str,referred_to_str,jury_demand,idb_disposition,idb_judgment,idb_procedural_progress,idb_nature_of_suit,idb_monetary_demand,idb_pro_se,idb_class_action,idb_origin,idb_jury_demand,has_opinions,scrape_status,scraped_at
76,Abu Nahl v. Abou Jaoude,19-210,,abu-nahl-v-abou-jaoude,/docket/76/abu-nahl-v-abou-jaoude/,ca2,,3470 STATUTES-RICO,,2019-01-18,2019-02-05,,,,,,,,,,,,,,1,done,2026-04-09 20:22:01
1005,SEC v. Zandford,01-147,,sec-v-zandford,/docket/1005/sec-v-zandford/,scotus,,,,,,,,,,,,,,,,,,,1,done,2026-04-09 20:22:11
1247,Kenney v. State Street Corp.,1:09-CV-10750-PBS,,kenney-v-state-street-corp,/docket/1247/kenney-v-state-street-corp/,mad,,,,,,,,,,,,,,,,,,,1,done,2026-04-09 20:22:20
1349,"Transamerica Mortgage Advisors, Inc. v. Lewis",77-1645,,transamerica-mortgage-advisors-inc-v-lewis,/docket/1349/transamerica-mortgage-advisors-inc-v-lewis/,scotus,,,,,,,,,,,,,,,,,,,1,done,2026-04-09 20:22:34
1806,Cabot Corp. v. Baddour,,,cabot-corp-v-baddour,/docket/1806/cabot-corp-v-baddour/,mass,,,,,,,,,,,,,,,,,,,1,done,2026-04-09 20:22:42
1816,SEC v. Tambone,Civil Action 06-10885-NMG,,sec-v-tambone,/docket/1816/sec-v-tambone/,mad,,,,,,,,,,,,,,,,,,,1,done,2026-04-09 20:22:51
2690,Ransmeier v. UAL Corporation,11-175,,ransmeier-v-ual-corporation,/docket/2690/ransmeier-v-ual-corporation/,ca2,,3310 TORTS INJURY-Airplane,,2011-01-13,2012-06-26,,,,,,,,,,,,,,1,done,2026-04-09 20:23:03
2850,"Sprangers v. Interactive Technologies, Inc.",C3-85-2358,,sprangers-v-interactive-technologies-inc,/docket/2850/sprangers-v-interactive-technologies-inc/,minnctapp,,,,,,,,,,,,,,,,,,,1,done,2026-04-09 20:23:13
2879,SEC v. Druffner,Civil Action 03-12154-NMG,,sec-v-druffner,/docket/2879/sec-v-druffner/,mad,,,,,,,,,,,,,,,,,,,1,done,2026-04-09 20:23:22
3686,United States v. FEEBACK,2:04-cr-00559,167902,united-states-v-feeback,/docket/3686/united-states-v-feeback/,njd,,,,2004-08-02,2005-08-24,2005-09-21,,,,,,,,,,,,,1,done,2026-04-09 20:23:31
3695,Baughman v. Goggins,19-1306,,baughman-v-goggins,/docket/3695/baughman-v-goggins/,ca10,,3550 Prisoner - Civil Rights,,2019-08-27,,,,,,,,,,,,,,,1,done,2026-04-09 20:23:40
4196,United States v. Jose Cordero,18-10837,,united-states-v-jose-cordero,/docket/4196/united-states-v-jose-cordero/,ca11,,,,2018-03-05,,,,,,,,,,,,,,,1,done,2026-04-09 20:23:52
4346,McKinney v. Progressive Direct Insurance,19-6127,,mckinney-v-progressive-direct-insurance,/docket/4346/mckinney-v-progressive-direct-insurance/,ca10,,4110 Insurance,,2019-08-29,,,,,,,,,,,,,,,1,done,2026-04-09 20:24:03
4544,In Re Enron Corporation Securities,"MDL-1446. Civil Action Nos. H-01-3624, H-02-4788",,in-re-enron-corporation-securities,/docket/4544/in-re-enron-corporation-securities/,txsd,,,,,,,,,,,,,,,,,,,1,done,2026-04-09 20:24:12
4798,State v. Larsen,920114,,state-v-larsen,/docket/4798/state-v-larsen/,utah,,,,,,,,,,,,,,,,,,,1,done,2026-04-09 20:24:23
5400,Ohio Kentucky Oil Corp. v. Nolfi,2013CA00084,,ohio-kentucky-oil-corp-v-nolfi,/docket/5400/ohio-kentucky-oil-corp-v-nolfi/,ohioctapp,,,,,,,,,,,,,,,,,,,1,done,2026-04-09 20:24:31
5713,United States v. Victor Castano,19-1028,130066,united-states-v-victor-castano,/docket/5713/united-states-v-victor-castano/,ca6,,,,2019-01-07,,,,,,,,,,,,,,,1,done,2026-04-09 20:24:43
5848,Convergys Corporation v. Hogan,1:04-cv-00575,96762,convergys-corporation-v-hogan,/docket/5848/convergys-corporation-v-hogan/,ohsd,,190 Other contract actions,Diversity of citizenship,2004-08-26,2004-12-15,2004-12-14,Sandra S Beckwith,Timothy S. Black,,13,,3,190,75.0,0,,1,,1,done,2026-04-09 20:24:51
8175,Cory v. Stewart,19-10622,,cory-v-stewart,/docket/8175/cory-v-stewart/,ca5,,"3850 Securities, Commodities, Exchange",,2019-05-31,,,,,,,,,,,,,,,1,done,2026-04-09 20:25:03
9317,"TRUSTCASH HOLDINGS, INC. v. Moss",Civ. 08-5284 (WHW),,trustcash-holdings-inc-v-moss,/docket/9317/trustcash-holdings-inc-v-moss/,njd,,,,,,,,,,,,,,,,,,,1,done,2026-04-09 13:30:37
9612,Protective Committee v. Anderson,38,,protective-committee-v-anderson,/docket/9612/protective-committee-v-anderson/,scotus,,,,,,,,,,,,,,,,,,,1,done,2026-04-09 20:25:58
9799,United States v. Morales-Soto,18-1635,,united-states-v-morales-soto,/docket/9799/united-states-v-morales-soto/,ca1,,,,2018-07-05,,,,,,,,,,,,,,,1,done,2026-04-09 20:26:12
10327,Freedom From Religion Fdn Inc. v. Greg Abbott,18-50610,183320,freedom-from-religion-fdn-inc-v-greg-abbott,/docket/10327/freedom-from-religion-fdn-inc-v-greg-abbott/,ca5,,3440 Other Civil Rights,,2018-07-26,2020-04-03,,,,,,,,,,,,,,1,done,2026-04-09 20:26:24
10643,In re: Heide Kurtz v. Jennifer Morgan,18-55293,299566,in-re-heide-kurtz-v-jennifer-morgan,/docket/10643/in-re-heide-kurtz-v-jennifer-morgan/,ca9,,,,2018-03-06,2019-10-31,,,,,,,,,,,,,,1,done,2026-04-09 20:26:39
10695,Spirit Aerosystems v. Paxton,92-2519,222221,spirit-aerosystems-v-paxton,/docket/10695/spirit-aerosystems-v-paxton/,ca5,,3950 Constitutionality of State Statutes,,2024-12-12,,2025-01-14,,,,,,,,,,,,,1,done,2026-04-09 20:26:49
12403,"Quantum Overseas, NV v. Touche Ross & Co.","86 Civ. 4059 (RWS), 86 Civ. 4460 (RWS)",,quantum-overseas-nv-v-touche-ross-co,/docket/12403/quantum-overseas-nv-v-touche-ross-co/,nysd,,,,,,,,,,,,,,,,,,,1,done,2026-04-09 20:26:58
12607,United States v. Percoco,19-1272,45486,united-states-v-percoco,/docket/12607/united-states-v-percoco/,ca2,,,,2019-04-30,2023-09-05,2025-01-17,,,,,,,,,,,,,1,done,2026-04-09 20:27:13
13818,"In re: Facebook, Inc., IPO Sec",18-3845,,in-re-facebook-inc-ipo-sec,/docket/13818/in-re-facebook-inc-ipo-sec/,ca2,,3360 TORTS INJURY-Other Personal,,2018-12-21,,,,,,,,,,,,,,,1,done,2026-04-09 20:27:22
13956,United States v. Collins,19-3051,,united-states-v-collins,/docket/13956/united-states-v-collins/,ca2,,,,2019-09-20,,,,,,,,,,,,,,,1,done,2026-04-09 20:27:32
14462,"Demetrios Pullos v. Akorn, Inc.",19-2401,,demetrios-pullos-v-akorn-inc,/docket/14462/demetrios-pullos-v-akorn-inc/,ca7,,4160 Stockholders Suits,,2019-07-24,,,,,,,,,,,,,,,1,done,2026-04-09 20:27:43
14740,United States v. Biba,18-2091,,united-states-v-biba,/docket/14740/united-states-v-biba/,ca2,,,,2018-07-17,,,,,,,,,,,,,,,1,done,2026-04-09 20:27:56
15095,del Valle Ruiz,18-3226,,del-valle-ruiz,/docket/15095/del-valle-ruiz/,ca2,,3890 STATUTES-Other,,2018-10-26,2019-10-07,,,,,,,,,,,,,,1,done,2026-04-09 20:28:05
15138,In Re Cardinal Health Inc. Securities Litigations,C2-04-575,,in-re-cardinal-health-inc-securities-litigations,/docket/15138/in-re-cardinal-health-inc-securities-litigations/,ohsd,,,,,,,,,,,,,,,,,,,1,done,2026-04-09 20:28:14
17475,Scherk v. Alberto-Culver Co.,73-781,,scherk-v-alberto-culver-co,/docket/17475/scherk-v-alberto-culver-co/,scotus,,,,,,,,,,,,,,,,,,,1,done,2026-04-09 20:28:26
19225,Smith v. Ayres,91-1734,,smith-v-ayres,/docket/19225/smith-v-ayres/,ca5,,,,,,,,,,,,,,,,,,,1,done,2026-04-09 20:28:36
21660,Armstrong v. Pomerance,,,armstrong-v-pomerance,/docket/21660/armstrong-v-pomerance/,del,,,,,,,,,,,,,,,,,,,1,done,2026-04-09 20:29:21
22046,In Re: Alcatel,01-40645,,in-re-alcatel,/docket/22046/in-re-alcatel/,ca5,,,,,,,,,,,,,,,,,,,1,done,2026-04-09 20:29:31
22155,Kogut v. The County of Nassau,13-3130,,kogut-v-the-county-of-nassau,/docket/22155/kogut-v-the-county-of-nassau/,ca2,,3440 CIVIL RIGHTS-Other,,2013-08-19,2015-05-14,,,,,,,,,,,,,,1,done,2026-04-09 20:29:52
22227,"Shaun House v. Akorn, Inc.",18-3307,37098,shaun-house-v-akorn-inc,/docket/22227/shaun-house-v-akorn-inc/,ca7,,4160 Stockholders Suits,,2018-10-26,,2022-05-24,,,,,,,,,,,,,1,done,2026-04-09 20:30:04
23048,United States v. Guillermo Martinez,19-4818,,united-states-v-guillermo-martinez,/docket/23048/united-states-v-guillermo-martinez/,ca4,,,,2019-11-08,,,,,,,,,,,,,,,1,done,2026-04-09 20:30:14
23178,Frank Franze v. Equitable Assurance,01-11575,,frank-franze-v-equitable-assurance,/docket/23178/frank-franze-v-equitable-assurance/,ca11,,,,,,,,,,,,,,,,,,,1,done,2026-04-09 20:30:34
23308,Elizabeth Wright v. Comm of Social Security,19-6403,,elizabeth-wright-v-comm-of-social-security,/docket/23308/elizabeth-wright-v-comm-of-social-security/,ca6,,2864 Social Security: SSID Tit. XVI,,2019-12-12,,,,,,,,,,,,,,,1,done,2026-04-09 20:30:46
23315,United States v. Baker,1:92-cr-00009,16143,united-states-v-baker,/docket/23315/united-states-v-baker/,miwd,,"850 Securities, Commodities, Exchange",Federal question,1992-01-14,1992-06-01,1993-12-13,,,,,,,,,,,,,1,done,2026-04-09 20:30:56
23409,"Arthur C. Payne, Cross-Appellee v. Panama Canal Company, Cross-Appellant",78-2197,,arthur-c-payne-cross-appellee-v-panama-canal-company-cross-appellant,/docket/23409/arthur-c-payne-cross-appellee-v-panama-canal-company-cross-appellant/,ca5,,,,,,,,,,,,,,,,,,,1,done,2026-04-09 20:31:05
24057,"Alton v. Prudential-Bache Securities, Inc.",Civ. A. 89-0452-MA,,alton-v-prudential-bache-securities-inc,/docket/24057/alton-v-prudential-bache-securities-inc/,mad,,,,,,,,,,,,,,,,,,,1,done,2026-04-09 20:31:15
24952,Cape Ann Investors v. Lepone,1:00-cv-11531,2334,cape-ann-investors-v-lepone,/docket/24952/cape-ann-investors-v-lepone/,mad,15:78m(a) Securities Exchange Act,850 Securities/Commodities,Federal Question,2000-08-01,2001-10-31,2004-02-23,Richard G. Stearns,,None,6,2,5,850,0.0,0,,1,,1,done,2026-04-09 20:31:30
26330,"The City National Bank Of Fort Smith, Arkansas v. Ilo Vanderboom",19550-4,,the-city-national-bank-of-fort-smith-arkansas-v-ilo-vanderboom,/docket/26330/the-city-national-bank-of-fort-smith-arkansas-v-ilo-vanderboom/,ca8,,,,,,,,,,,,,,,,,,,1,done,2026-04-09 20:31:39
26520,Gillespie v. Seymour,"63,791",,gillespie-v-seymour,/docket/26520/gillespie-v-seymour/,kanctapp,,,,,,,,,,,,,,,,,,,1,done,2026-04-09 20:31:48
27154,"In Re American Intern. Group, Inc. 2008 Securities",Master File 08 Civ. 4772 (LTS),,in-re-american-intern-group-inc-2008-securities,/docket/27154/in-re-american-intern-group-inc-2008-securities/,nysd,,,,,,,,,,,,,,,,,,,1,done,2026-04-09 20:31:57
27676,In Re Number Nine Visual Technology Corp.,CIV. A. 96-11207-WGY,,in-re-number-nine-visual-technology-corp,/docket/27676/in-re-number-nine-visual-technology-corp/,mad,,,,,,,,,,,,,,,,,,,1,done,2026-04-09 20:32:06
27885,"In Re Cardinal Health, Inc. Securities Litigation",Master File C2-04-575,,in-re-cardinal-health-inc-securities-litigation,/docket/27885/in-re-cardinal-health-inc-securities-litigation/,ohsd,,,,,,,,,,,,,,,,,,,1,done,2026-04-09 20:32:15
28160,Golding v. Barr,18-772,,golding-v-barr,/docket/28160/golding-v-barr/,ca2,,,,2018-03-20,,,,,,,,,,,,,,,1,done,2026-04-09 20:32:24
28228,Yang v. New York State Board of Electi,20-1494,,yang-v-new-york-state-board-of-electi,/docket/28228/yang-v-new-york-state-board-of-electi/,ca2,,3441 CIVIL RIGHTS-Voting,,2020-05-06,,,,,,,,,,,,,,,1,done,2026-04-09 20:32:36
28229,Mahmoud Latif v. Morgan Stanley & Co. LLC,19-2315,,mahmoud-latif-v-morgan-stanley-co-llc,/docket/28229/mahmoud-latif-v-morgan-stanley-co-llc/,ca2,,3442 CIVIL RIGHTS-Jobs,,2019-07-25,2019-12-11,,,,,,,,,,,,,,1,done,2026-04-09 20:32:45
30621,Snell v. Neville,19-2018,,snell-v-neville,/docket/30621/snell-v-neville/,ca1,,3550 Prisoner Civil Rights,,2019-10-18,,,,,,,,,,,,,,,1,done,2026-04-09 20:32:54
30892,Eisen v. Carlisle & Jacquelin,30934_1,,eisen-v-carlisle-jacquelin,/docket/30892/eisen-v-carlisle-jacquelin/,ca2,,,,,,,,,,,,,,,,,,,1,done,2026-04-09 20:33:03
30906,"Republic Bank & Trust Company v. Bear Stearns & Company., Inc.",10-5510,,republic-bank-trust-company-v-bear-stearns-company-inc,/docket/30906/republic-bank-trust-company-v-bear-stearns-company-inc/,ca6,,,,,,,,,,,,,,,,,,,1,done,2026-04-09 20:33:12
31110,"Ernest Ray Ritch, Mary J. Ritch v. The Robinson-Humphrey Co.",97-6576,,ernest-ray-ritch-mary-j-ritch-v-the-robinson-humphrey-co,/docket/31110/ernest-ray-ritch-mary-j-ritch-v-the-robinson-humphrey-co/,ca11,,,,,,,,,,,,,,,,,,,1,done,2026-04-09 20:33:21
31177,Smachlo v. Birkelo,Civ. A. 83-233-JLL,,smachlo-v-birkelo,/docket/31177/smachlo-v-birkelo/,ded,,,,,,,,,,,,,,,,,,,1,done,2026-04-09 20:33:30
31208,Allard v. Arthur Andersen & Co.(USA),84 Civ. 7703 (MBM),,allard-v-arthur-andersen-cousa,/docket/31208/allard-v-arthur-andersen-cousa/,nysd,,,,,,,,,,,,,,,,,,,1,done,2026-04-09 20:53:39
35357,"In Re Harley Davidson, Inc., Securities Litigation",Case 05-C-0547-CNC,,in-re-harley-davidson-inc-securities-litigation,/docket/35357/in-re-harley-davidson-inc-securities-litigation/,wied,,,,,,,,,,,,,,,,,,,1,done,2026-04-09 21:05:50
35619,In Re Parmalat Securities Litigation,This document relates to: Nos. 04 Civ. 0030(LAK). 04 MD 1653(LAK),,in-re-parmalat-securities-litigation,/docket/35619/in-re-parmalat-securities-litigation/,nysd,,,,,,,,,,,,,,,,,,,1,done,2026-04-09 21:05:59
35645,"Jeffrey R. Cooper v. Phillip Glasser, Richard Glasser, David Glasser and Does 1-50",M2012-00344-COA-R3-CV,,jeffrey-r-cooper-v-phillip-glasser-richard-glasser-david-glasser-and,/docket/35645/jeffrey-r-cooper-v-phillip-glasser-richard-glasser-david-glasser-and/,tennctapp,,,,,,,,,,,,,,,,,,,1,done,2026-04-09 21:06:08
35738,United States v. Finnerty,05 Cr. 393 DC,,united-states-v-finnerty,/docket/35738/united-states-v-finnerty/,nysd,,,,,,,,,,,,,,,,,,,1,done,2026-04-09 21:06:17
35987,In Re Baker Hughes Securities Litigation,CIV.A. H-99-4281,,in-re-baker-hughes-securities-litigation,/docket/35987/in-re-baker-hughes-securities-litigation/,txsd,,,,,,,,,,,,,,,,,,,1,done,2026-04-09 21:06:26
36052,"EZRA Charitable Trust v. Rent-Way, Inc.",C.A. 00-323 Erie,,ezra-charitable-trust-v-rent-way-inc,/docket/36052/ezra-charitable-trust-v-rent-way-inc/,pawd,,,,,,,,,,,,,,,,,,,1,done,2026-04-09 21:06:35
36433,In Re FVC. COM Securities Litigation,99-1815 CRB,,in-re-fvc-com-securities-litigation,/docket/36433/in-re-fvc-com-securities-litigation/,cand,,,,,,,,,,,,,,,,,,,1,done,2026-04-09 21:06:44
36691,IKON OFFICE SOLUTION v. SECURITIES LITIGATIO,2:98-cv-04286,97714,ikon-office-solution-v-securities-litigatio,/docket/36691/ikon-office-solution-v-securities-litigatio/,paed,,,,1998-08-14,2001-02-06,2006-05-09,MARVIN KATZ,,,,,,,,,,,,1,done,2026-04-09 21:06:53
37197,"Charal Inv. Co., Inc. v. Rockefeller",Civ. A. 96-543(RRM),,charal-inv-co-inc-v-rockefeller,/docket/37197/charal-inv-co-inc-v-rockefeller/,ded,,,,,,,,,,,,,,,,,,,1,done,2026-04-09 21:07:03
37413,"SEC v. Penthouse Intern., Inc.",05 Civ. 0780RWS,,sec-v-penthouse-intern-inc,/docket/37413/sec-v-penthouse-intern-inc/,nysd,,,,,,,,,,,,,,,,,,,1,done,2026-04-09 21:07:11
37926,"Stammco, L.L.C. v. United Tel. Co. of Ohio",2012-0169,,stammco-llc-v-united-tel-co-of-ohio,/docket/37926/stammco-llc-v-united-tel-co-of-ohio/,ohio,,,,,,,,,,,,,,,,,,,1,done,2026-04-09 21:07:23
37974,Alexander Theoharous v. Henry Fong,"00-12532, 00-12533",,alexander-theoharous-v-henry-fong,/docket/37974/alexander-theoharous-v-henry-fong/,ca11,,,,,,,,,,,,,,,,,,,1,done,2026-04-09 21:07:32
38834,United States v. Swanson,1:01-y-00278,11291,united-states-v-swanson,/docket/38834/united-states-v-swanson/,cod,,,,2001-09-24,2001-10-01,,Zita L. Weinshienk,,,,,,,,,,,,1,done,2026-04-09 21:07:41
39142,"In Re MicroStrategy, Inc. Securities Litigation",Civ.A. 00-473-A,,in-re-microstrategy-inc-securities-litigation,/docket/39142/in-re-microstrategy-inc-securities-litigation/,vaed,,,,,,,,,,,,,,,,,,,1,done,2026-04-09 21:07:50
39760,"Gabriel Capital, LP v. NatWest Finance, Inc.",99 CIV. 10488(SAS),,gabriel-capital-lp-v-natwest-finance-inc,/docket/39760/gabriel-capital-lp-v-natwest-finance-inc/,nysd,,,,,,,,,,,,,,,,,,,1,done,2026-04-09 21:07:59
39987,"Church v. Gruntal & Co., Inc.",88 Civ. 516 (TPG),,church-v-gruntal-co-inc,/docket/39987/church-v-gruntal-co-inc/,nysd,,,,,,,,,,,,,,,,,,,1,done,2026-04-09 21:08:08
40956,In Re Enron Corp. Securities,MDL-1446. Civ.A. No. H-01-3624,,in-re-enron-corp-securities,/docket/40956/in-re-enron-corp-securities/,txsd,,,,,,,,,,,,,,,,,,,1,done,2026-04-09 21:08:17
41626,Shotto v. Laub,Civ. A. M-85-4181,,shotto-v-laub,/docket/41626/shotto-v-laub/,mdd,,,,,,,,,,,,,,,,,,,1,done,2026-04-09 21:08:26
41669,SEC v. Adoni,CIV.A.97-350 (JAG),,sec-v-adoni,/docket/41669/sec-v-adoni/,njd,,,,,,,,,,,,,,,,,,,1,done,2026-04-09 21:08:35
41725,Hill v. BellSouth Corp.,CIV.A. 1:02-CV-2440-JOF,,hill-v-bellsouth-corp,/docket/41725/hill-v-bellsouth-corp/,gand,,,,,,,,,,,,,,,,,,,1,done,2026-04-09 21:08:44
42210,United States v. Campbell,4:04-cr-00046,5983,united-states-v-campbell,/docket/42210/united-states-v-campbell/,oknd,,,,2004-03-30,2004-08-18,2018-04-19,,,,,,,,,,,,,1,done,2026-04-09 21:09:53
42244,OCM Principal Opportunities Fund v. CIBC World Markets Corp.,B172588,,ocm-principal-opportunities-fund-v-cibc-world-markets-corp,/docket/42244/ocm-principal-opportunities-fund-v-cibc-world-markets-corp/,calctapp,,,,,,,,,,,,,,,,,,,1,done,2026-04-09 21:10:04
42943,Kapps v. Torch Offshore Inc,03-30227,,kapps-v-torch-offshore-inc,/docket/42943/kapps-v-torch-offshore-inc/,ca5,,,,,,,,,,,,,,,,,,,1,done,2026-04-09 21:10:14
43116,Rubin v. Posner,Civ. A. 87-378-JJF,,rubin-v-posner,/docket/43116/rubin-v-posner/,ded,,,,,,,,,,,,,,,,,,,1,done,2026-04-09 21:10:23
45952,"Piper v. Chris-Craft Industries, Inc.",75-353,,piper-v-chris-craft-industries-inc,/docket/45952/piper-v-chris-craft-industries-inc/,scotus,,,,,,,,,,,,,,,,,,,1,done,2026-04-09 21:10:39
46331,"TC Ambulance Group, Inc.",16-10410,264396,tc-ambulance-group-inc,/docket/46331/tc-ambulance-group-inc/,nysb,,,,2016-02-24,,2026-03-13,David S Jones,,,,,,,,,,,,1,done,2026-04-09 21:10:54
47867,,99-15361,,in-re-mego-financial-corporation-securities-litigation-christopher-dunleavy,/docket/47867/in-re-mego-financial-corporation-securities-litigation-christopher-dunleavy/,ca9,,,,,,,,,,,,,,,,,,,1,done,2026-04-09 21:11:03
48095,Barrie v. Intervoice-Brite Inc,03-11064,,barrie-v-intervoice-brite-inc,/docket/48095/barrie-v-intervoice-brite-inc/,ca5,,,,,,,,,,,,,,,,,,,1,done,2026-04-09 21:11:12
48904,"Thomas E. Walton Le'ellen Walton v. Rose Mobile Homes Llc, Southern Energy Homes, Inc.",00-60742,,thomas-e-walton-leellen-walton-v-rose-mobile-homes-llc-southern-energy,/docket/48904/thomas-e-walton-leellen-walton-v-rose-mobile-homes-llc-southern-energy/,ca5,,,,,,,,,,,,,,,,,,,1,done,2026-04-09 21:11:24
49034,Harsco Corporation v. Rene Segui,1073,,harsco-corporation-v-rene-segui,/docket/49034/harsco-corporation-v-rene-segui/,ca2,,,,,,,,,,,,,,,,,,,1,done,2026-04-09 21:11:33
49477,Hannah Finkel v. Docutel/olivetti Corporation,86-1680,,hannah-finkel-v-docutelolivetti-corporation,/docket/49477/hannah-finkel-v-docutelolivetti-corporation/,ca5,,,,,,,,,,,,,,,,,,,1,done,2026-04-09 21:11:43
49662,Will v. Calvert Fire Ins. Co.,77-693,,will-v-calvert-fire-ins-co,/docket/49662/will-v-calvert-fire-ins-co/,scotus,,,,,,,,,,,,,,,,,,,1,done,2026-04-09 21:11:58
49664,Medema v. Medema Builders,87-3082,,medema-v-medema-builders,/docket/49664/medema-v-medema-builders/,ca7,,,,,,,,,,,,,,,,,,,1,done,2026-04-09 21:12:07
50390,John Saad v. SEC,19-1214,,john-saad-v-sec,/docket/50390/john-saad-v-sec/,cadc,,,,2019-10-17,,,,,,,,,,,,,,,1,done,2026-04-09 21:12:16
52864,United States v. Marek,"98-40568, 98-40955",,united-states-v-marek,/docket/52864/united-states-v-marek/,ca5,,,,,,,,,,,,,,,,,,,1,done,2026-04-09 21:12:28
53819,In Re Equity Funding Corp. of America Securities Litigation,M.D.L.-142-MML,,in-re-equity-funding-corp-of-america-securities-litigation,/docket/53819/in-re-equity-funding-corp-of-america-securities-litigation/,cacd,,,,,,,,,,,,,,,,,,,1,done,2026-04-09 21:12:37
53935,SEC v. Kimmes,89 C 5942,,sec-v-kimmes,/docket/53935/sec-v-kimmes/,ilnd,,,,,,,,,,,,,,,,,,,1,done,2026-04-09 21:12:46
54674,Streber v. Hunter,99-50054,,streber-v-hunter,/docket/54674/streber-v-hunter/,ca5,,,,,,,,,,,,,,,,,,,1,done,2026-04-09 21:12:58
55062,"Kenneth P. Wolf v. Gruntal & Co., Inc.",94-1658,,kenneth-p-wolf-v-gruntal-co-inc,/docket/55062/kenneth-p-wolf-v-gruntal-co-inc/,ca1,,,,,,,,,,,,,,,,,,,1,done,2026-04-09 21:13:07
56503,Robinson v. TCI/US West Communications Inc.,96-50554,,robinson-v-tcius-west-communications-inc,/docket/56503/robinson-v-tcius-west-communications-inc/,ca5,,,,,,,,,,,,,,,,,,,1,done,2026-04-09 21:13:16
58260,"Robert Gregory, on Behalf of Himself and All Others Similarly Situated v. The Home Insurance Company",88-2172,,robert-gregory-on-behalf-of-himself-and-all-others-similarly-situated-v,/docket/58260/robert-gregory-on-behalf-of-himself-and-all-others-similarly-situated-v/,ca7,,,,,,,,,,,,,,,,,,,1,done,2026-04-09 21:13:26
58592,SECURITIES & EXCH. COM'N v. Diversified Indus.,Civ. A. No. 76-2114,,securities-exch-comn-v-diversified-indus,/docket/58592/securities-exch-comn-v-diversified-indus/,dcd,,,,,,,,,,,,,,,,,,,1,done,2026-04-09 21:13:34
58816,CITY OF DEARBORN HEIGHTS ACT 345 v. Waters Corp.,Civil Action 1:08-11889-JLT,,city-of-dearborn-heights-act-345-v-waters-corp,/docket/58816/city-of-dearborn-heights-act-345-v-waters-corp/,mad,,,,,,,,,,,,,,,,,,,1,done,2026-04-09 21:13:43
59111,"Arthur Barnes v. Meyer Osofsky, Alfred N. Greenberg v. Aileen, Inc., Reginald Smith v. Aileen, Inc.",30867-30869_1,,arthur-barnes-v-meyer-osofsky-alfred-n-greenberg-v-aileen-inc,/docket/59111/arthur-barnes-v-meyer-osofsky-alfred-n-greenberg-v-aileen-inc/,ca2,,,,,,,,,,,,,,,,,,,1,done,2026-04-09 21:13:52
59568,Ruckle v. Roto American Corporation,29320_1,,ruckle-v-roto-american-corporation,/docket/59568/ruckle-v-roto-american-corporation/,ca2,,,,,,,,,,,,,,,,,,,1,done,2026-04-09 21:14:01
61268,"Kapps v. Torch Offshore, Inc.",03-30227,,kapps-v-torch-offshore-inc,/docket/61268/kapps-v-torch-offshore-inc/,ca5,,,,,,,,,,,,,,,,,,,1,done,2026-04-09 21:14:10
61496,"Litton Industries, Inc. v. Lehman Brothers Kuhn Loeb Inc.",589,,litton-industries-inc-v-lehman-brothers-kuhn-loeb-inc,/docket/61496/litton-industries-inc-v-lehman-brothers-kuhn-loeb-inc/,ca2,,,,,,,,,,,,,,,,,,,1,done,2026-04-09 21:14:19
62192,Baron v. Smith,03-2440,,baron-v-smith,/docket/62192/baron-v-smith/,ca1,,,,,,,,,,,,,,,,,,,1,done,2026-04-09 21:14:28
62883,"United States v. Grant C. Affleck, United States of America v. Frank Kowalik, Jr.","85-1009, 84-2600",,united-states-v-grant-c-affleck-united-states-of-america-v-frank,/docket/62883/united-states-v-grant-c-affleck-united-states-of-america-v-frank/,ca10,,,,,,,,,,,,,,,,,,,1,done,2026-04-09 21:14:41
65769,"Securities and Exchange Commission v. Lincoln Thrift Assoc., Continental Service Corp., Receiver-Appellee v. Charles Schonfeld and Helga Schonfeld",76-1886,,securities-and-exchange-commission-v-lincoln-thrift-assoc-continental,/docket/65769/securities-and-exchange-commission-v-lincoln-thrift-assoc-continental/,ca9,,,,,,,,,,,,,,,,,,,1,done,2026-04-09 21:14:50
67528,SEC v. Levy,Civ. A. 88-0131 (RCL),,sec-v-levy,/docket/67528/sec-v-levy/,dcd,,,,,,,,,,,,,,,,,,,1,done,2026-04-09 21:14:59
67537,In Re: Prudential,97-5155,26718,in-re-prudential,/docket/67537/in-re-prudential/,ca3,,4370 Other Fraud,,1997-03-31,1998-07-23,1999-04-07,,,,,,,,,,,,,1,done,2026-04-09 21:15:16
69203,Friedman v. Arizona World Nurseries Ltd.,"86 Civ. 9834(KC), 88 Civ. 2212(KC), 88 Civ. 6306(KC), 88 Civ. 8795(KC) and 89 Civ. 5194(KC)",,friedman-v-arizona-world-nurseries-ltd,/docket/69203/friedman-v-arizona-world-nurseries-ltd/,nysd,,,,,,,,,,,,,,,,,,,1,done,2026-04-09 21:15:25
70880,"Howard P. Magaliff, Chapter 7 Trustee of Allways E v. Freedom Financial Consulting, Inc.",18-08311,288901,howard-p-magaliff-chapter-7-trustee-of-allways-e-v-freedom-financial,/docket/70880/howard-p-magaliff-chapter-7-trustee-of-allways-e-v-freedom-financial/,nysb,,12 Recovery of money/property - 547 preference; 13 Recovery of money/property - 548 fraudulent transfer; 14 Recovery of money/property - other,,2018-12-09,2020-08-04,2020-08-04,Robert D. Drain,,,,,,,,,,,,1,done,2026-04-09 21:15:34
71267,"Fed. Sec. L. Rep. P 98,943 Merrill Lynch, Pierce, Fenner & Smith, Inc. And Sam Alberico v. Stanley F. Jaros",94-3876,,fed-sec-l-rep-p-98943-merrill-lynch-pierce-fenner-smith-inc-and,/docket/71267/fed-sec-l-rep-p-98943-merrill-lynch-pierce-fenner-smith-inc-and/,ca6,,,,,,,,,,,,,,,,,,,1,done,2026-04-09 21:15:43
73314,Khulumani v. Barclay Nat. Bank Ltd.,"Docket 05-2141-cv, 05-2326-cv",,khulumani-v-barclay-nat-bank-ltd,/docket/73314/khulumani-v-barclay-nat-bank-ltd/,ca2,,,,,,,,,,,,,,,,,,,1,done,2026-04-09 21:15:59
73396,"Fed. Sec. L. Rep. P 97,607 Louis E. Wolfson v. John D. Baker, Jr.",78-2072,,fed-sec-l-rep-p-97607-louis-e-wolfson-v-john-d-baker-jr,/docket/73396/fed-sec-l-rep-p-97607-louis-e-wolfson-v-john-d-baker-jr/,ca5,,,,,,,,,,,,,,,,,,,1,done,2026-04-09 21:16:07
73637,United States v. ASHTON,1:07-mj-00402,126889,united-states-v-ashton,/docket/73637/united-states-v-ashton/,dcd,,,,2007-08-10,2007-09-14,2007-09-14,,,,,,,,,,,,,1,done,2026-04-09 21:16:16
74057,In Re Nat. Mortg. Equity Corp. Mortg. Pool Cert. Securities Litigation,MDL 647 AWT,,in-re-nat-mortg-equity-corp-mortg-pool-cert-securities-litigation,/docket/74057/in-re-nat-mortg-equity-corp-mortg-pool-cert-securities-litigation/,cacd,,,,,,,,,,,,,,,,,,,1,done,2026-04-09 21:16:25
74455,"SEC v. Alfred Teo, Sr.",12-1168,,sec-v-alfred-teo-sr,/docket/74455/sec-v-alfred-teo-sr/,ca3,,,,,,,,,,,,,,,,,,,1,done,2026-04-09 21:16:37
74474,SEC v. Bilzerian,Civ. A. 89-1854 SSH,,sec-v-bilzerian,/docket/74474/sec-v-bilzerian/,dcd,,,,,,,,,,,,,,,,,,,1,done,2026-04-09 21:16:46
74798,Clay v. Riverwood International,97-8592,,clay-v-riverwood-international,/docket/74798/clay-v-riverwood-international/,ca11,,,,,,,,,,,,,,,,,,,1,done,2026-04-09 21:16:58
74801,Clay v. Riverwood International,97-8592,,clay-v-riverwood-international,/docket/74801/clay-v-riverwood-international/,ca11,,,,,,,,,,,,,,,,,,,1,done,2026-04-09 21:17:07
75203,"Bryant v. Avado Brands, Inc.",98-9253,,bryant-v-avado-brands-inc,/docket/75203/bryant-v-avado-brands-inc/,ca11,,,,,,,,,,,,,,,,,,,1,done,2026-04-09 21:17:19
75608,Landry v. Federal Deposit Insurance Corporation,72-1202,,landry-v-federal-deposit-insurance-corporation,/docket/75608/landry-v-federal-deposit-insurance-corporation/,ca3,,,,,,,,,,,,,,,,,,,1,done,2026-04-09 21:17:28
76185,United States v. Drury,02-12924,,united-states-v-drury,/docket/76185/united-states-v-drury/,ca11,,,,,,,,,,,,,,,,,,,1,done,2026-04-09 21:17:38
76209,GENERADORA DE ELECTRICIDAD v. Foster Wheeler Corp.,Civ. 94-1405(DRD),,generadora-de-electricidad-v-foster-wheeler-corp,/docket/76209/generadora-de-electricidad-v-foster-wheeler-corp/,prd,,,,,,,,,,,,,,,,,,,1,done,2026-04-09 21:17:46
76671,"SEC v. Merchant Capital, LLC",06-10353,,sec-v-merchant-capital-llc,/docket/76671/sec-v-merchant-capital-llc/,ca11,,,,,,,,,,,,,,,,,,,1,done,2026-04-09 21:17:55
77056,Kaplan v. Shapiro,83 Civ. 8810 (SWK),,kaplan-v-shapiro,/docket/77056/kaplan-v-shapiro/,nysd,,,,,,,,,,,,,,,,,,,1,done,2026-04-09 21:18:04
77394,CONSUMERS GAS & OIL v. Farmland Industries,Civ. A. 92-F-1394,,consumers-gas-oil-v-farmland-industries,/docket/77394/consumers-gas-oil-v-farmland-industries/,cod,,,,,,,,,,,,,,,,,,,1,done,2026-04-09 21:18:13
77597,"Securities and Exchange Commission v. Dain Rauscher, Inc. Kenneth D. Ough and Virginia O. Horler",99-56828,,securities-and-exchange-commission-v-dain-rauscher-inc-kenneth-d-ough,/docket/77597/securities-and-exchange-commission-v-dain-rauscher-inc-kenneth-d-ough/,ca9,,,,,,,,,,,,,,,,,,,1,done,2026-04-09 21:18:22
77767,"In Re Mastercard Intern. Inc., Internet Gamb. Litigation","CIV. A. MDL1321, CIV. A. MDL1322",,in-re-mastercard-intern-inc-internet-gamb-litigation,/docket/77767/in-re-mastercard-intern-inc-internet-gamb-litigation/,laed,,,,,,,,,,,,,,,,,,,1,done,2026-04-09 21:18:31
78297,"Securities & Exchang v. Maxxon, Inc.",05-5091,,securities-exchang-v-maxxon-inc,/docket/78297/securities-exchang-v-maxxon-inc/,ca10,,,,,,,,,,,,,,,,,,,1,done,2026-04-09 21:18:40
78537,"Great Rivers Cooperative Of Southeastern Iowa v. Farmland Industries, Inc.",96-2751,,great-rivers-cooperative-of-southeastern-iowa-v-farmland-industries-inc,/docket/78537/great-rivers-cooperative-of-southeastern-iowa-v-farmland-industries-inc/,ca8,,,,,,,,,,,,,,,,,,,1,done,2026-04-09 21:18:49
78922,Walsh v. Chittenden Corp.,2:91-cv-00208,7392,walsh-v-chittenden-corp,/docket/78922/walsh-v-chittenden-corp/,vtd,,"850 Securities, Commodities, Exchange",Federal question,1991-08-09,1994-11-21,1995-05-02,Fred I. Parker,,,5,3,3,850,0.0,,,1,,1,done,2026-04-09 21:18:58
79374,"SECURITIES & EXCH. COM'N v. Commonwealth Chemical Sec., Inc.",74 Civ. 1984-LFM,,securities-exch-comn-v-commonwealth-chemical-sec-inc,/docket/79374/securities-exch-comn-v-commonwealth-chemical-sec-inc/,nysd,,,,,,,,,,,,,,,,,,,1,done,2026-04-09 21:19:07
79634,Trivectra v. Ushijima,25312,,trivectra-v-ushijima,/docket/79634/trivectra-v-ushijima/,haw,,,,,,,,,,,,,,,,,,,1,done,2026-04-09 21:19:19
80496,,658,,in-re-ikon-office-solutions-inc-securities-litigation-city-of,/docket/80496/in-re-ikon-office-solutions-inc-securities-litigation-city-of/,ca3,,,,,,,,,,,,,,,,,,,1,done,2026-04-09 21:19:28
80685,O'NEIL v. Marriott Corp.,Civ. A. J-77-495,,oneil-v-marriott-corp,/docket/80685/oneil-v-marriott-corp/,mdd,,,,,,,,,,,,,,,,,,,1,done,2026-04-09 21:19:37
81039,,03-1629,,debra-gariety-horst-o-bischoff-as-trustee-of-bischoff-family-trust-pamela,/docket/81039/debra-gariety-horst-o-bischoff-as-trustee-of-bischoff-family-trust-pamela/,ca1,,,,,,,,,,,,,,,,,,,1,done,2026-04-09 21:19:46
82462,Grand v. Nacchio,2 CA-CV 2006-0033,,grand-v-nacchio,/docket/82462/grand-v-nacchio/,arizctapp,,,,,,,,,,,,,,,,,,,1,done,2026-04-09 21:19:55
83017,Koch v. Koch Industries,98-3223,,koch-v-koch-industries,/docket/83017/koch-v-koch-industries/,ca10,,,,,,,,,,,,,,,,,,,1,done,2026-04-09 21:20:04
83101,Chariot Group v. American Acquisition Partners,89 Civ. 2868 (LLS),,chariot-group-v-american-acquisition-partners,/docket/83101/chariot-group-v-american-acquisition-partners/,nysd,,,,,,,,,,,,,,,,,,,1,done,2026-04-09 21:20:13
85953,"Fed. Sec. L. Rep. P 99,416 United States of America v. J. Chandler Peterson",95-40820,,fed-sec-l-rep-p-99416-united-states-of-america-v-j-chandler-peterson,/docket/85953/fed-sec-l-rep-p-99416-united-states-of-america-v-j-chandler-peterson/,ca5,,,,,,,,,,,,,,,,,,,1,done,2026-04-09 21:20:22
85999,"Santa Fe Industries, Inc. v. Green",75-1753,,santa-fe-industries-inc-v-green,/docket/85999/santa-fe-industries-inc-v-green/,scotus,,,,,,,,,,,,,,,,,,,1,done,2026-04-09 21:20:36
86131,Teamsters v. Daniel,77-753,,teamsters-v-daniel,/docket/86131/teamsters-v-daniel/,scotus,,,,,,,,,,,,,,,,,,,1,done,2026-04-09 21:20:48
87229,"Ashland, Inc. v. Oppenheimer & Co., Inc.",10-5305,,ashland-inc-v-oppenheimer-co-inc,/docket/87229/ashland-inc-v-oppenheimer-co-inc/,ca6,,,,,,,,,,,,,,,,,,,1,done,2026-04-09 21:20:57
87566,United States v. Rodriguez,6:08-cr-06131,69321,united-states-v-rodriguez,/docket/87566/united-states-v-rodriguez/,nywd,,,,2008-06-17,2011-02-18,2015-05-06,,,,,,,,,,,,,1,done,2026-04-09 21:21:06
87599,"David Stone and Colleen Stone v. John Wilson Kirk and J.W.K. Land and Cattle Company, Inc.",91-5833,,david-stone-and-colleen-stone-v-john-wilson-kirk-and-jwk-land-and,/docket/87599/david-stone-and-colleen-stone-v-john-wilson-kirk-and-jwk-land-and/,ca6,,,,,,,,,,,,,,,,,,,1,done,2026-04-09 21:21:15
88595,"Ottis B. Crocker, Jr. v. Federal Deposit Insurance Corporation, Intervenor-Appellant v. W.P. McMullan",86-4546,,ottis-b-crocker-jr-v-federal-deposit-insurance-corporation,/docket/88595/ottis-b-crocker-jr-v-federal-deposit-insurance-corporation/,ca5,,,,,,,,,,,,,,,,,,,1,done,2026-04-09 21:21:24
90515,Halye v. Lamson & Sessions Co.,1:89CV1229,,halye-v-lamson-sessions-co,/docket/90515/halye-v-lamson-sessions-co/,ohnd,,,,,,,,,,,,,,,,,,,1,done,2026-04-09 21:21:33
90823,United States v. Wenger,04-4022,,united-states-v-wenger,/docket/90823/united-states-v-wenger/,ca10,,,,,,,,,,,,,,,,,,,1,done,2026-04-09 21:21:42
91160,In Re Phillips Petroleum Securities Litigation,Civ. A. Misc. 85-75 MMS,,in-re-phillips-petroleum-securities-litigation,/docket/91160/in-re-phillips-petroleum-securities-litigation/,ded,,,,,,,,,,,,,,,,,,,1,done,2026-04-09 21:21:51
92209,"Fed. Sec. L. Rep. P 97,148 Securities and Exchange Commission v. Monarch Fund, Aspen Fund II and Bruce B. Paul","1179, Docket 79-6048",,fed-sec-l-rep-p-97148-securities-and-exchange-commission-v-monarch,/docket/92209/fed-sec-l-rep-p-97148-securities-and-exchange-commission-v-monarch/,ca2,,,,,,,,,,,,,,,,,,,1,done,2026-04-09 21:22:00
92210,Securities and Exchange Commission v. Tome,1099,,securities-and-exchange-commission-v-tome,/docket/92210/securities-and-exchange-commission-v-tome/,ca2,,,,,,,,,,,,,,,,,,,1,done,2026-04-09 21:22:09
92211,"Fed. Sec. L. Rep. P 98,813 Securities and Exchange Commission v. Ratilal K. Patel","1160, Docket 94-6218",,fed-sec-l-rep-p-98813-securities-and-exchange-commission-v-ratilal-k,/docket/92211/fed-sec-l-rep-p-98813-securities-and-exchange-commission-v-ratilal-k/,ca2,,,,,,,,,,,,,,,,,,,1,done,2026-04-09 21:22:18
92237,SEC v. Contorinis,12-1723-cv,,sec-v-contorinis,/docket/92237/sec-v-contorinis/,ca2,,,,,,,,,,,,,,,,,,,1,done,2026-04-09 21:22:27
92555,Steginsky v. Xcelera Inc.,"13-1327-cv, 13-1892-cv",,steginsky-v-xcelera-inc,/docket/92555/steginsky-v-xcelera-inc/,ca2,,,,,,,,,,,,,,,,,,,1,done,2026-04-09 13:30:38
92577,Jackson National Life Insurance Company v. Merrill Lynch & Co.,1555,,jackson-national-life-insurance-company-v-merrill-lynch-co,/docket/92577/jackson-national-life-insurance-company-v-merrill-lynch-co/,ca2,,,,,,,,,,,,,,,,,,,1,done,2026-04-09 21:22:36
93740,"Clinton D. Brown v. Earthboard Sports Usa, Inc. Hugh Jeffreys Jeffrey A. Vaughn Lincoln Financial Advisors Corporation, D/B/A Sagemark Consulting",05-6317,,clinton-d-brown-v-earthboard-sports-usa-inc-hugh-jeffreys-jeffrey-a,/docket/93740/clinton-d-brown-v-earthboard-sports-usa-inc-hugh-jeffreys-jeffrey-a/,ca6,,,,,,,,,,,,,,,,,,,1,done,2026-04-09 21:22:48
96017,In Re Nat. Student Marketing Litigation,M.D.L. Docket 105,,in-re-nat-student-marketing-litigation,/docket/96017/in-re-nat-student-marketing-litigation/,dcd,,,,,,,,,,,,,,,,,,,1,done,2026-04-09 21:22:57
96614,"In Re National Century Financial Enterprises, Inc.",2:03-md-1565,,in-re-national-century-financial-enterprises-inc,/docket/96614/in-re-national-century-financial-enterprises-inc/,ohsd,,,,,,,,,,,,,,,,,,,1,done,2026-04-09 21:23:06
97121,"Flickinger v. Harold C. Brown & Co., Inc.",CIV-89-1218S,,flickinger-v-harold-c-brown-co-inc,/docket/97121/flickinger-v-harold-c-brown-co-inc/,nywd,,,,,,,,,,,,,,,,,,,1,done,2026-04-09 21:23:15
97585,"Nordstrom, Inc. v. Chubb & Son, Inc.",93-35495,,nordstrom-inc-v-chubb-son-inc,/docket/97585/nordstrom-inc-v-chubb-son-inc/,ca9,,,,,,,,,,,,,,,,,,,1,done,2026-04-09 21:23:24
98386,Trust Company of LA v. N N P Incorporated,95-30493,,trust-company-of-la-v-n-n-p-incorporated,/docket/98386/trust-company-of-la-v-n-n-p-incorporated/,ca5,,,,,,,,,,,,,,,,,,,1,done,2026-04-09 21:23:33
98538,Lawton v. Nyman,"02-1371, 02-1407",,lawton-v-nyman,/docket/98538/lawton-v-nyman/,ca1,,,,,,,,,,,,,,,,,,,1,done,2026-04-09 21:23:42
98635,Friedman v. Rayovac Corp.,"02-C-308-C, 02-C-325-C, 02-C-370-C",,friedman-v-rayovac-corp,/docket/98635/friedman-v-rayovac-corp/,wiwd,,,,,,,,,,,,,,,,,,,1,done,2026-04-09 21:23:51
99097,In Re: Tyco Securities Lit v.,1:00-md-01335,1041,in-re-tyco-securities-lit-v,/docket/99097/in-re-tyco-securities-lit-v/,nhd,,,,2000-05-01,2002-02-25,2003-09-08,Paul J. Barbadoro,,,,,,,,,,,,1,done,2026-04-09 21:24:00
99208,"Apostolou v. Geldermann, Inc.",94 C 3876,,apostolou-v-geldermann-inc,/docket/99208/apostolou-v-geldermann-inc/,ilnd,,,,,,,,,,,,,,,,,,,1,done,2026-04-09 21:24:09
99611,"Fed. Sec. L. Rep. P 91,546 C.R.A. Realty Corporation v. Tri-South Investments and Drexel Burnham Lambert, Inc.","774, Docket 83-7798",,fed-sec-l-rep-p-91546-cra-realty-corporation-v-tri-south,/docket/99611/fed-sec-l-rep-p-91546-cra-realty-corporation-v-tri-south/,ca2,,,,,,,,,,,,,,,,,,,1,done,2026-04-09 21:24:18
99803,Murphey v. Hillwood Villa Associates,75 Civ. 2053 (WCC),,murphey-v-hillwood-villa-associates,/docket/99803/murphey-v-hillwood-villa-associates/,nysd,,,,,,,,,,,,,,,,,,,1,done,2026-04-09 21:24:27
100052,Walton v. Rose Mobile Homes,00-60742,,walton-v-rose-mobile-homes,/docket/100052/walton-v-rose-mobile-homes/,ca5,,,,,,,,,,,,,,,,,,,1,done,2026-04-09 21:24:36
100304,Associated Securities Corporation v. Securities And Exchange Commission,6514_1,,associated-securities-corporation-v-securities-and-exchange-commission,/docket/100304/associated-securities-corporation-v-securities-and-exchange-commission/,ca10,,,,,,,,,,,,,,,,,,,1,done,2026-04-09 21:24:45
102582,"Garcia v. Santa Maria Resort, Inc.",07-10017-Civ,,garcia-v-santa-maria-resort-inc,/docket/102582/garcia-v-santa-maria-resort-inc/,flsd,,,,,,,,,,,,,,,,,,,1,done,2026-04-09 21:24:54
102599,"In Re Veeco Instruments, Inc. Securities Lit.","05 MD 1695(CM), 05 CV 10226(CM), 05 CV 10224(CM), 05 CV 10225(CM)",,in-re-veeco-instruments-inc-securities-lit,/docket/102599/in-re-veeco-instruments-inc-securities-lit/,nysd,,,,,,,,,,,,,,,,,,,1,done,2026-04-09 21:25:03
104037,"Indosuez Carr Futures, Incorporated v. Commodity Futures Trading Commission, and Al Baraka Investment and Development Company, Intervening",93-2189,,indosuez-carr-futures-incorporated-v-commodity-futures-trading,/docket/104037/indosuez-carr-futures-incorporated-v-commodity-futures-trading/,ca7,,,,,,,,,,,,,,,,,,,1,done,2026-04-09 21:25:12
104527,"Fed. Sec. L. Rep. P 95,887 Sundstrand Corporation v. Sun Chemical Corporation","76-1316, 76-1317, 76-1318, 76-2058 and 76-2059",,fed-sec-l-rep-p-95887-sundstrand-corporation-v-sun-chemical,/docket/104527/fed-sec-l-rep-p-95887-sundstrand-corporation-v-sun-chemical/,ca7,,,,,,,,,,,,,,,,,,,1,done,2026-04-09 21:25:22
104700,Goldman v. Belden,84-7273,,goldman-v-belden,/docket/104700/goldman-v-belden/,ca2,,,,,,,,,,,,,,,,,,,1,done,2026-04-09 21:25:31
106079,Lockheed Martin Corp. v. Superior Court,S088458,,lockheed-martin-corp-v-superior-court,/docket/106079/lockheed-martin-corp-v-superior-court/,cal,,,,,,,,,,,,,,,,,,,1,done,2026-04-09 21:26:44
106243,"Niederhoffer, Cross & Zeckhauser, Inc. v. Telstat Systems Inc.",76 Civ. 5500 (WCC),,niederhoffer-cross-zeckhauser-inc-v-telstat-systems-inc,/docket/106243/niederhoffer-cross-zeckhauser-inc-v-telstat-systems-inc/,nysd,,,,,,,,,,,,,,,,,,,1,done,2026-04-09 21:26:53
106964,IN RE: Ford Motor Co. F-150 and Ranger Truck Fuel Economy Marketing and Sales Practices Litigation,MDL No. 2901,1121338,in-re-ford-motor-co-f-150-and-ranger-truck-fuel-economy-marketing-and,/docket/106964/in-re-ford-motor-co-f-150-and-ranger-truck-fuel-economy-marketing-and/,jpml,,,,2019-05-09,2022-02-24,2022-02-24,Sean F. Cox,,,,,,,,,,,,1,done,2026-04-09 21:27:07
107028,O'KEEFE v. Merrill Lynch & Co.,"90,652",,okeefe-v-merrill-lynch-co,/docket/107028/okeefe-v-merrill-lynch-co/,kanctapp,,,,,,,,,,,,,,,,,,,1,done,2026-04-09 21:27:16
160053,Minneapolis Firefighters'relief Ass'n v. Memc Electronic Materials,10-1761,,minneapolis-firefightersrelief-assn-v-memc-electronic-materials,/docket/160053/minneapolis-firefightersrelief-assn-v-memc-electronic-materials/,ca8,,,,,,,,,,,,,,,,,,,1,done,2026-04-09 13:30:38
257104,"Thomas Prousalis, Jr. v. Charles Moore",13-6814,,thomas-prousalis-jr-v-charles-moore,/docket/257104/thomas-prousalis-jr-v-charles-moore/,ca4,,,,,,,,,,,,,,,,,,,1,done,2026-04-09 13:30:48
292324,"Facebook, Inc. v. Pacific Northwest Software, Inc.","08-16745, 08-16873, 09-15021",,facebook-inc-v-pacific-northwest-software-inc,/docket/292324/facebook-inc-v-pacific-northwest-software-inc/,ca9,,,,,,,,,,,,,,,,,,,1,done,2026-04-09 13:30:40
527872,United States v. Bryan Behrens,11-3482,,united-states-v-bryan-behrens,/docket/527872/united-states-v-bryan-behrens/,ca8,,,,,,,,,,,,,,,,,,,1,done,2026-04-09 13:31:01
982272,United States v. Bryan Laurienti,11-50294,,united-states-v-bryan-laurienti,/docket/982272/united-states-v-bryan-laurienti/,ca9,,,,,,,,,,,,,,,,,,,1,done,2026-04-09 13:31:04
1173850,United States v. Timothy Durham,"12-3819, 12-3833, 12-3867",,united-states-v-timothy-durham,/docket/1173850/united-states-v-timothy-durham/,ca7,,,,,,,,,,,,,,,,,,,1,done,2026-04-09 13:31:10
1411109,Roberto Cohen v. Nvidia Corp.,11-17708,,roberto-cohen-v-nvidia-corp,/docket/1411109/roberto-cohen-v-nvidia-corp/,ca9,,,,,,,,,,,,,,,,,,,1,done,2026-04-09 13:31:13
1460415,"Gandhi v. Sitara Capital Management, LLC",Case 09 C 3141,,gandhi-v-sitara-capital-management-llc,/docket/1460415/gandhi-v-sitara-capital-management-llc/,ilnd,,,,,,,,,,,,,,,,,,,1,done,2026-04-09 13:31:17
1870471,"FirstBank Puerto Rico, Inc. v. LA VIDA MERGER SUB",10-1585,,firstbank-puerto-rico-inc-v-la-vida-merger-sub,/docket/1870471/firstbank-puerto-rico-inc-v-la-vida-merger-sub/,ca1,,,,,,,,,,,,,,,,,,,1,done,2026-04-09 13:31:39
1889413,"Facebook, Inc. v. Pacific Northwest Software, Inc.",08-16745,,facebook-inc-v-pacific-northwest-software-inc,/docket/1889413/facebook-inc-v-pacific-northwest-software-inc/,ca9,,,,,,,,,,,,,,,,,,,1,done,2026-04-09 13:31:50
1903179,"WPP LUXEMBOURG GAMMA THREE v. Spot Runner, Inc.","10-55401, 10-55464, 10-55468",,wpp-luxembourg-gamma-three-v-spot-runner-inc,/docket/1903179/wpp-luxembourg-gamma-three-v-spot-runner-inc/,ca9,,,,,,,,,,,,,,,,,,,1,done,2026-04-09 13:31:41
2135086,Public Pension Fund Group v. Kv Pharmaceutical Co.,4:08-CV-1859 (CEJ),,public-pension-fund-group-v-kv-pharmaceutical-co,/docket/2135086/public-pension-fund-group-v-kv-pharmaceutical-co/,moed,,,,,,,,,,,,,,,,,,,1,done,2026-04-09 13:31:47
2337672,Lewin v. Lipper Convertibles,"03 Civ. 1117(RMB), 03 Civ. 2632(RMB)",,lewin-v-lipper-convertibles,/docket/2337672/lewin-v-lipper-convertibles/,nysd,,,,,,,,,,,,,,,,,,,1,done,2026-04-09 13:31:41
2340904,"Jaffe Pension Plan v. Household Intern., Inc.",02 C 5893,,jaffe-pension-plan-v-household-intern-inc,/docket/2340904/jaffe-pension-plan-v-household-intern-inc/,ilnd,,,,,,,,,,,,,,,,,,,1,done,2026-04-09 13:32:05
2342265,United States v. Carranza,1:09-mj-01013,111190,united-states-v-carranza,/docket/2342265/united-states-v-carranza/,cod,,,,2009-01-28,2009-02-26,2009-02-27,Craig B. Shaffer,,,,,,,,,,,,1,done,2026-04-09 13:31:59
2343376,Hill v. Gozani,10-1048,,hill-v-gozani,/docket/2343376/hill-v-gozani/,ca1,,,,,,,,,,,,,,,,,,,1,done,2026-04-09 13:32:00
2344446,Hachey v. Boatowners Association of the United States,3:07-cv-00343,200233,hachey-v-boatowners-association-of-the-united-states,/docket/2344446/hachey-v-boatowners-association-of-the-united-states/,flmd,,110 Insurance,Diversity of citizenship,2007-04-26,2008-06-18,2008-06-18,"Henry Lee Adams, Jr",James R. Klindt,,13,,10,110,116.0,0,,1,,1,done,2026-04-09 13:32:06
2344449,LAST ATLANTIS CAPITAL v. AGS Specialist Partners,04 C 397,,last-atlantis-capital-v-ags-specialist-partners,/docket/2344449/last-atlantis-capital-v-ags-specialist-partners/,ilnd,,,,,,,,,,,,,,,,,,,1,done,2026-04-09 13:32:09
